{
  "config": {
    "n_children": 200,
    "bus_capacity": 20,
    "max_route_minutes": 75,
    "boarding_seconds": 90,
    "span_balance_coeff": 300,
    "min_zone_children": 15
  },
  "summary": {
    "total_buses": 13,
    "total_distance_km": 345.71,
    "cumulative_min": 807.6,
    "worst_route_min": 73.08,
    "active_zones": 6
  },
  "zone_labels": [
    20,
    16,
    20,
    16,
    20,
    2,
    11,
    16,
    20,
    11,
    5,
    2,
    16,
    20,
    2,
    16,
    20,
    11,
    2,
    20,
    20,
    5,
    2,
    5,
    2,
    5,
    20,
    16,
    20,
    16,
    16,
    5,
    20,
    5,
    2,
    20,
    20,
    11,
    15,
    2,
    15,
    20,
    15,
    15,
    2,
    11,
    2,
    16,
    2,
    5,
    20,
    15,
    20,
    2,
    2,
    2,
    20,
    11,
    11,
    2,
    11,
    2,
    15,
    2,
    2,
    16,
    20,
    5,
    20,
    20,
    5,
    2,
    11,
    5,
    15,
    2,
    20,
    20,
    15,
    15,
    2,
    11,
    11,
    5,
    2,
    15,
    16,
    15,
    15,
    2,
    11,
    20,
    11,
    11,
    15,
    11,
    5,
    15,
    2,
    16,
    2,
    15,
    20,
    5,
    20,
    20,
    16,
    5,
    2,
    16,
    5,
    5,
    11,
    16,
    2,
    11,
    16,
    20,
    16,
    15,
    5,
    20,
    2,
    20,
    5,
    5,
    2,
    2,
    2,
    16,
    5,
    20,
    16,
    2,
    2,
    2,
    11,
    20,
    5,
    16,
    20,
    2,
    16,
    2,
    11,
    20,
    5,
    16,
    15,
    15,
    2,
    11,
    15,
    16,
    11,
    20,
    2,
    16,
    5,
    15,
    16,
    15,
    2,
    11,
    16,
    11,
    5,
    20,
    2,
    2,
    2,
    16,
    2,
    16,
    5,
    2,
    2,
    2,
    2,
    15,
    2,
    5,
    16,
    16,
    5,
    5,
    15,
    11,
    2,
    16,
    2,
    2,
    16,
    16,
    16,
    20,
    20,
    15,
    11,
    11,
    -1
  ],
  "zones_meta": [
    {
      "idx": 0,
      "name": "Comuna 1 - Popular",
      "municipality": "Medellín",
      "centroid": [
        -75.5442028508937,
        6.293556310781918
      ]
    },
    {
      "idx": 1,
      "name": "Comuna 2 - Santa Cruz",
      "municipality": "Medellín",
      "centroid": [
        -75.55452870466173,
        6.298347475126901
      ]
    },
    {
      "idx": 2,
      "name": "Comuna 3 - Manrique",
      "municipality": "Medellín",
      "centroid": [
        -75.54529630604661,
        6.273098188894361
      ]
    },
    {
      "idx": 3,
      "name": "Comuna 4 - Aranjuez",
      "municipality": "Medellín",
      "centroid": [
        -75.56155872189439,
        6.276128962880601
      ]
    },
    {
      "idx": 4,
      "name": "Comuna 5 - Castilla",
      "municipality": "Medellín",
      "centroid": [
        -75.5686598679055,
        6.2922484358877515
      ]
    },
    {
      "idx": 5,
      "name": "Comuna 6 - Doce de Octubre",
      "municipality": "Medellín",
      "centroid": [
        -75.57918043371681,
        6.299240221675888
      ]
    },
    {
      "idx": 6,
      "name": "Comuna 7 - Robledo",
      "municipality": "Medellín",
      "centroid": [
        -75.59429257321162,
        6.278087028768232
      ]
    },
    {
      "idx": 7,
      "name": "Comuna 8 - Villa Hermosa",
      "municipality": "Medellín",
      "centroid": [
        -75.54233345869939,
        6.246478946541456
      ]
    },
    {
      "idx": 8,
      "name": "Comuna 9 - Buenos Aires",
      "municipality": "Medellín",
      "centroid": [
        -75.552171102063,
        6.230122935986493
      ]
    },
    {
      "idx": 9,
      "name": "Comuna 10 - La Candelaria",
      "municipality": "Medellín",
      "centroid": [
        -75.56806678656788,
        6.247667818819721
      ]
    },
    {
      "idx": 10,
      "name": "Comuna 11 - Laureles-Estadio",
      "municipality": "Medellín",
      "centroid": [
        -75.59159413926581,
        6.250434958970201
      ]
    },
    {
      "idx": 11,
      "name": "Comuna 12 - La América",
      "municipality": "Medellín",
      "centroid": [
        -75.60554715014555,
        6.254467385688101
      ]
    },
    {
      "idx": 12,
      "name": "Comuna 13 - San Javier",
      "municipality": "Medellín",
      "centroid": [
        -75.61805979228912,
        6.258263671385182
      ]
    },
    {
      "idx": 13,
      "name": "Comuna 14 - El Poblado",
      "municipality": "Medellín",
      "centroid": [
        -75.5661420663284,
        6.200598274727383
      ]
    },
    {
      "idx": 14,
      "name": "Comuna 15 - Guayabal",
      "municipality": "Medellín",
      "centroid": [
        -75.58682495505603,
        6.212613639934469
      ]
    },
    {
      "idx": 15,
      "name": "Comuna 16 - Belén",
      "municipality": "Medellín",
      "centroid": [
        -75.6005037570139,
        6.225128178730437
      ]
    },
    {
      "idx": 16,
      "name": "Itagüí",
      "municipality": "Itagüí",
      "centroid": [
        -75.61181865650738,
        6.17621913397519
      ]
    },
    {
      "idx": 17,
      "name": "Sabaneta",
      "municipality": "Sabaneta",
      "centroid": [
        -75.61527635904038,
        6.149383174683961
      ]
    },
    {
      "idx": 18,
      "name": "Envigado",
      "municipality": "Envigado",
      "centroid": [
        -75.58211223803576,
        6.16668701780662
      ]
    },
    {
      "idx": 19,
      "name": "La Estrella",
      "municipality": "La Estrella",
      "centroid": [
        -75.63688246766324,
        6.143571332199902
      ]
    },
    {
      "idx": 20,
      "name": "Bello",
      "municipality": "Bello",
      "centroid": [
        -75.55535322722997,
        6.33359454251053
      ]
    }
  ],
  "results": [
    {
      "zone_idx": 2,
      "zone_name": "Comuna 3 - Manrique",
      "municipality": "Medellín",
      "n_children": 51,
      "k_buses": 3,
      "scenario_indices": [
        5,
        11,
        14,
        18,
        22,
        24,
        34,
        39,
        44,
        46,
        48,
        53,
        54,
        55,
        59,
        61,
        63,
        64,
        71,
        75,
        80,
        84,
        89,
        98,
        100,
        108,
        114,
        122,
        126,
        127,
        128,
        133,
        134,
        135,
        141,
        143,
        150,
        156,
        162,
        168,
        169,
        170,
        172,
        175,
        176,
        177,
        178,
        180,
        188,
        190,
        191
      ],
      "routes": [
        [
          143,
          191,
          39,
          5,
          80,
          24,
          71,
          141,
          168,
          34,
          98,
          134,
          44,
          178,
          54
        ],
        [
          180,
          135,
          84,
          64,
          126,
          156,
          55,
          18,
          176,
          89,
          11,
          190,
          48,
          177,
          169,
          150,
          170,
          133,
          59
        ],
        [
          46,
          53,
          162,
          188,
          63,
          122,
          108,
          61,
          22,
          14,
          128,
          100,
          172,
          175,
          75,
          114,
          127
        ]
      ],
      "route_distances_m": [
        29101.0,
        27508.1,
        27323.1
      ],
      "route_times_min": [
        69.12,
        69.44,
        69.55
      ],
      "total_distance_m": 83932.2,
      "total_time_min": 208.1,
      "max_route_min": 69.55
    },
    {
      "zone_idx": 5,
      "zone_name": "Comuna 6 - Doce de Octubre",
      "municipality": "Medellín",
      "n_children": 28,
      "k_buses": 2,