{
  "config": {
    "n_children": 200,
    "bus_capacity": 20,
    "max_route_minutes": 75,
    "boarding_seconds": 90,
    "span_balance_coeff": 300
  },
  "summary": {
    "total_buses": 21,
    "total_distance_km": 447.98,
    "cumulative_min": 932.2,
    "worst_route_min": 73.08,
    "active_zones": 20
  },
  "zone_labels": [
    20,
    16,
    20,
    17,
    20,
    2,
    11,
    18,
    20,
    11,
    5,
    1,
    16,
    20,
    8,
    18,
    20,
    11,
    0,
    20,
    20,
    6,
    8,
    4,
    2,
    5,
    20,
    16,
    20,
    16,
    16,
    6,
    20,
    4,
    0,
    20,
    20,
    11,
    14,
    2,
    14,
    20,
    14,
    14,
    0,
    10,
    9,
    16,
    1,
    6,
    20,
    14,
    20,
    9,
    3,
    0,
    20,
    11,
    12,
    3,
    11,
    8,
    15,
    8,
    2,
    17,
    20,
    5,
    20,
    20,
    6,
    2,
    11,
    4,
    15,
    3,
    20,
    20,
    15,
    15,
    2,
    10,
    12,
    6,
    2,
    15,
    18,
    15,
    15,
    0,
    12,
    20,
    12,
    12,
    15,
    12,
    6,
    13,
    0,
    16,
    3,
    14,
    20,
    6,
    20,
    20,
    18,
    5,
    8,
    16,
    6,
    6,
    12,
    18,
    3,
    10,
    19,
    20,
    18,
    13,
    6,
    20,
    8,
    20,
    5,
    5,
    2,
    3,
    3,
    16,
    4,
    20,
    17,
    3,
    0,
    2,
    12,
    20,
    4,
    16,
    20,
    2,
    18,
    9,
    12,
    20,
    6,
    18,
    14,
    15,
    3,
    10,
    15,
    18,
    12,
    20,
    2,
    16,
    5,
    13,
    16,
    15,
    8,
    10,
    16,
    11,
    5,
    20,
    2,
    1,
    3,
    16,
    3,
    18,
    6,
    3,
    0,
    1,
    1,
    15,
    9,
    6,
    16,
    16,
    4,
    5,
    15,
    10,
    8,
    16,
    1,
    2,
    16,
    17,
    16,
    20,
    20,
    13,
    12,
    11,
    -1
  ],
  "zones_meta": [
    {
      "idx": 0,
      "name": "Comuna 1 - Popular",
      "municipality": "Medellín",
      "centroid": [
        -75.5442028508937,
        6.293556310781918
      ]
    },
    {
      "idx": 1,
      "name": "Comuna 2 - Santa Cruz",
      "municipality": "Medellín",
      "centroid": [
        -75.55452870466173,
        6.298347475126901
      ]
    },
    {
      "idx": 2,
      "name": "Comuna 3 - Manrique",
      "municipality": "Medellín",
      "centroid": [
        -75.54529630604661,
        6.273098188894361
      ]
    },
    {
      "idx": 3,
      "name": "Comuna 4 - Aranjuez",
      "municipality": "Medellín",
      "centroid": [
        -75.56155872189439,
        6.276128962880601
      ]
    },
    {
      "idx": 4,
      "name": "Comuna 5 - Castilla",
      "municipality": "Medellín",
      "centroid": [
        -75.5686598679055,
        6.2922484358877515
      ]
    },
    {
      "idx": 5,
      "name": "Comuna 6 - Doce de Octubre",
      "municipality": "Medellín",
      "centroid": [
        -75.57918043371681,
        6.299240221675888
      ]
    },
    {
      "idx": 6,
      "name": "Comuna 7 - Robledo",
      "municipality": "Medellín",
      "centroid": [
        -75.59429257321162,
        6.278087028768232
      ]
    },
    {
      "idx": 7,
      "name": "Comuna 8 - Villa Hermosa",
      "municipality": "Medellín",
      "centroid": [
        -75.54233345869939,
        6.246478946541456
      ]
    },
    {
      "idx": 8,
      "name": "Comuna 9 - Buenos Aires",
      "municipality": "Medellín",
      "centroid": [
        -75.552171102063,
        6.230122935986493
      ]
    },
    {
      "idx": 9,
      "name": "Comuna 10 - La Candelaria",
      "municipality": "Medellín",
      "centroid": [
        -75.56806678656788,
        6.247667818819721
      ]
    },
    {
      "idx": 10,
      "name": "Comuna 11 - Laureles-Estadio",
      "municipality": "Medellín",
      "centroid": [
        -75.59159413926581,
        6.250434958970201
      ]
    },
    {
      "idx": 11,
      "name": "Comuna 12 - La América",
      "municipality": "Medellín",
      "centroid": [
        -75.60554715014555,
        6.254467385688101
      ]
    },
    {
      "idx": 12,
      "name": "Comuna 13 - San Javier",
      "municipality": "Medellín",
      "centroid": [
        -75.61805979228912,
        6.258263671385182
      ]
    },
    {
      "idx": 13,
      "name": "Comuna 14 - El Poblado",
      "municipality": "Medellín",
      "centroid": [
        -75.5661420663284,
        6.200598274727383
      ]
    },
    {
      "idx": 14,
      "name": "Comuna 15 - Guayabal",
      "municipality": "Medellín",
      "centroid": [
        -75.58682495505603,
        6.212613639934469
      ]
    },
    {
      "idx": 15,
      "name": "Comuna 16 - Belén",
      "municipality": "Medellín",
      "centroid": [
        -75.6005037570139,
        6.225128178730437
      ]
    },
    {
      "idx": 16,
      "name": "Itagüí",
      "municipality": "Itagüí",
      "centroid": [
        -75.61181865650738,
        6.17621913397519
      ]
    },
    {
      "idx": 17,
      "name": "Sabaneta",
      "municipality": "Sabaneta",
      "centroid": [
        -75.61527635904038,
        6.149383174683961
      ]
    },
    {
      "idx": 18,
      "name": "Envigado",
      "municipality": "Envigado",
      "centroid": [
        -75.58211223803576,
        6.16668701780662
      ]
    },
    {
      "idx": 19,
      "name": "La Estrella",
      "municipality": "La Estrella",
      "centroid": [
        -75.63688246766324,
        6.143571332199902
      ]
    },
    {
      "idx": 20,
      "name": "Bello",
      "municipality": "Bello",
      "centroid": [
        -75.55535322722997,
        6.33359454251053
      ]
    }
  ],
  "results": [
    {
      "zone_idx": 0,
      "zone_name": "Comuna 1 - Popular",
      "municipality": "Medellín",
      "n_children": 8,
      "k_buses": 1,
      "scenario_indices": [
        18,
        34,
        44,
        55,
        89,
        98,
        134,
        176
      ],
      "routes": [
        [
          55,
          18,
          176,
          89,
          134,
          34,
          98,
          44
        ]
      ],
      "route_distances_m": [
        24295.2
      ],
      "route_times_min": [
        47.89
      ],
      "total_distance_m": 24295.2,
      "total_time_min": 47.9,
      "max_route_min": 47.89
    },
    {
      "zone_idx": 1,
      "zone_name": "Comuna 2 - Santa Cruz",
      "municipality": "Medellín",
      "n_children": 6,
      "k_buses": 1,
      "scenario_indices": [
        11,
        48,
        169,
        177,
        178,
        190
      ],
      "routes": [
        [
          178,
          11,
          190,
          169,
          177,
          48
        ]
      ],
      "route_distances_m": [
        18412.4
      ],
      "route_times_min": [
        34.75
      ],
      "total_distance_m": 18412.4,
      "total_time_min": 34.8,
      "max_route_min": 34.75
    },
    {
      "zone_idx": 2,
      "zone_name": "Comuna 3 - Manrique",
      "municipality": "Medellín",
      "n_children": 13,
      "k_buses": 1,
      "scenario_indices": [
        5,
        24,
        39,
        64,
        71,
        80,
        84,
        126,
        135,
        141,
        156,
        168,
        191
      ],
      "routes": [
        [
          84,
          64,
          126,
          156,
          80,
          24,
          5,
          71,
          141,
          168,
          39,
          135,
          191
        ]
      ],
      "route_distances_m": [
        22764.3
      ],
      "route_times_min": [
        56.44
      ],
      "total_distance_m": 22764.3,
      "total_time_min": 56.4,
      "max_route_min": 56.44
    },
    {
      "zone_idx": 3,
      "zone_name": "Comuna 4 - Aranjuez",
      "municipality": "Medellín",
      "n_children": 12,
      "k_buses": 1,